<?xml version="1.0" encoding="UTF-8"?>
<con:resource name="/deliveryavailability/{zipCode}" path="/deliveryavailability/{zipCode}" id="799ece72-9cb3-44da-9cc5-43cb078af753" xmlns:xsi="http://www.w3.org/2001/XMLSchema-instance" xmlns:con="http://eviware.com/soapui/config"><con:settings><con:setting id="799ece72-9cb3-44da-9cc5-43cb078af753fileName">%2Fdeliveryavailability%2F%7BzipCode%7D</con:setting></con:settings><con:parameters><con:parameter required="true"><con:name>zipCode</con:name><con:style>TEMPLATE</con:style><con:description>zipCode</con:description></con:parameter></con:parameters><con:method name="getItemAvailabilityUsingGET" id="b9cfc0a1-97a4-4d87-adaf-b106c52c9569" method="GET"><con:description>
getItemAvailability</con:description><con:settings/><con:parameters><con:parameter required="true"><con:name>itemIds</con:name><con:style>QUERY</con:style><con:dataType>array</con:dataType><con:description>itemIds</con:description></con:parameter></con:parameters><con:representation type="RESPONSE"><con:mediaType>application/json</con:mediaType><con:status>200</con:status><con:params/><con:sampleContent>{
  "data" : { },
  "message" : "string",
  "status" : "string"
}</con:sampleContent></con:representation><con:representation type="RESPONSE"><con:mediaType>application/json</con:mediaType><con:status>401</con:status><con:params/></con:representation><con:representation type="RESPONSE"><con:mediaType>application/json</con:mediaType><con:status>403</con:status><con:params/></con:representation><con:representation type="RESPONSE"><con:mediaType>application/json</con:mediaType><con:status>404</con:status><con:params/></con:representation><con:request name="Request 1" id="7a51d1c2-2041-4755-ac87-a447192db07b" mediaType="application/json"><con:settings/><con:endpoint>http://delivery-api.cfapps.io</con:endpoint><con:credentials><con:selectedAuthProfile>No Authorization</con:selectedAuthProfile><con:authType>No Authorization</con:authType></con:credentials><con:parameters/></con:request></con:method></con:resource>