<?xml version="1.0" encoding="UTF-8"?>
<con:resource name="/error" path="/error" id="39dac2a5-cdd4-4c9b-b3be-08cbd202eb47" xmlns:xsi="http://www.w3.org/2001/XMLSchema-instance" xmlns:con="http://eviware.com/soapui/config"><con:settings><con:setting id="39dac2a5-cdd4-4c9b-b3be-08cbd202eb47fileName">%2Ferror</con:setting></con:settings><con:parameters/><con:method name="errorUsingGET" id="7a3b6e71-a429-4809-9bce-0c03210b3e8e" method="GET"><con:description>
error</con:description><con:settings/><con:parameters/><con:representation type="RESPONSE"><con:mediaType>*/*</con:mediaType><con:status>200</con:status><con:params/><con:sampleContent xsi:nil="true"/></con:representation><con:representation type="RESPONSE"><con:mediaType>*/*</con:mediaType><con:status>401</con:status><con:params/></con:representation><con:representation type="RESPONSE"><con:mediaType>*/*</con:mediaType><con:status>403</con:status><con:params/></con:representation><con:representation type="RESPONSE"><con:mediaType>*/*</con:mediaType><con:status>404</con:status><con:params/></con:representation><con:request name="Request 1" id="be2908b5-92f5-47d4-afa1-b050f6c8f24e" mediaType="application/json"><con:settings/><con:endpoint>http://delivery-api.cfapps.io</con:endpoint><con:credentials><con:selectedAuthProfile>No Authorization</con:selectedAuthProfile><con:authType>No Authorization</con:authType></con:credentials><con:parameters/></con:request></con:method><con:method name="errorUsingPOST" id="6de66a1f-8fc7-41bb-872f-0cb54482b42d" method="POST"><con:description>
error</con:description><con:settings/><con:parameters/><con:representation type="RESPONSE"><con:mediaType>*/*</con:mediaType><con:status>200</con:status><con:params/><con:sampleContent xsi:nil="true"/></con:representation><con:representation type="RESPONSE"><con:mediaType>*/*</con:mediaType><con:status>201</con:status><con:params/></con:representation><con:representation type="RESPONSE"><con:mediaType>*/*</con:mediaType><con:status>401</con:status><con:params/></con:representation><con:representation type="RESPONSE"><con:mediaType>*/*</con:mediaType><con:status>403</con:status><con:params/></con:representation><con:representation type="RESPONSE"><con:mediaType>*/*</con:mediaType><con:status>404</con:status><con:params/></con:representation><con:representation type="REQUEST"><con:mediaType>application/json</con:mediaType><con:params/></con:representation><con:request name="Request 1" id="823e775a-7edc-40cc-b847-df02869f9d91" mediaType="application/json"><con:settings/><con:endpoint>http://delivery-api.cfapps.io</con:endpoint><con:credentials><con:selectedAuthProfile>No Authorization</con:selectedAuthProfile><con:authType>No Authorization</con:authType></con:credentials><con:parameters/></con:request></con:method><con:method name="errorUsingPUT" id="5f9430c8-b9f3-4e8a-a846-60c1a3469281" method="PUT"><con:description>
error</con:description><con:settings/><con:parameters/><con:representation type="RESPONSE"><con:mediaType>*/*</con:mediaType><con:status>200</con:status><con:params/><con:sampleContent xsi:nil="true"/></con:representation><con:representation type="RESPONSE"><con:mediaType>*/*</con:mediaType><con:status>201</con:status><con:params/></con:representation><con:representation type="RESPONSE"><con:mediaType>*/*</con:mediaType><con:status>401</con:status><con:params/></con:representation><con:representation type="RESPONSE"><con:mediaType>*/*</con:mediaType><con:status>403</con:status><con:params/></con:representation><con:representation type="RESPONSE"><con:mediaType>*/*</con:mediaType><con:status>404</con:status><con:params/></con:representation><con:representation type="REQUEST"><con:mediaType>application/json</con:mediaType><con:params/></con:representation><con:request name="Request 1" id="d1406b2e-ce5f-4b11-b085-44425cecbd9f" mediaType="application/json"><con:settings/><con:endpoint>http://delivery-api.cfapps.io</con:endpoint><con:credentials><con:selectedAuthProfile>No Authorization</con:selectedAuthProfile><con:authType>No Authorization</con:authType></con:credentials><con:parameters/></con:request></con:method><con:method name="errorUsingDELETE" id="43cf49c0-c6c9-4988-8b52-89849c707f78" method="DELETE"><con:description>
error</con:description><con:settings/><con:parameters/><con:representation type="RESPONSE"><con:mediaType>*/*</con:mediaType><con:status>200</con:status><con:params/><con:sampleContent xsi:nil="true"/></con:representation><con:representation type="RESPONSE"><con:mediaType>*/*</con:mediaType><con:status>204</con:status><con:params/></con:representation><con:representation type="RESPONSE"><con:mediaType>*/*</con:mediaType><con:status>401</con:status><con:params/></con:representation><con:representation type="RESPONSE"><con:mediaType>*/*</con:mediaType><con:status>403</con:status><con:params/></con:representation><con:request name="Request 1" id="d98b7818-2688-438d-9bc2-3ba5d55f5c38" mediaType="application/json"><con:settings/><con:endpoint>http://delivery-api.cfapps.io</con:endpoint><con:credentials><con:selectedAuthProfile>No Authorization</con:selectedAuthProfile><con:authType>No Authorization</con:authType></con:credentials><con:parameters/></con:request></con:method><con:method name="errorUsingPATCH" id="e545e5fa-3673-41f8-bef5-b6cf29561a26" method="PATCH"><con:description>
error</con:description><con:settings/><con:parameters/><con:representation type="RESPONSE"><con:mediaType>*/*</con:mediaType><con:status>200</con:status><con:params/><con:sampleContent xsi:nil="true"/></con:representation><con:representation type="RESPONSE"><con:mediaType>*/*</con:mediaType><con:status>204</con:status><con:params/></con:representation><con:representation type="RESPONSE"><con:mediaType>*/*</con:mediaType><con:status>401</con:status><con:params/></con:representation><con:representation type="RESPONSE"><con:mediaType>*/*</con:mediaType><con:status>403</con:status><con:params/></con:representation><con:representation type="REQUEST"><con:mediaType>application/json</con:mediaType><con:params/></con:representation><con:request name="Request 1" id="5c957313-8cc5-42f1-9f7b-7b1175eb2634" mediaType="application/json"><con:settings/><con:endpoint>http://delivery-api.cfapps.io</con:endpoint><con:credentials><con:selectedAuthProfile>No Authorization</con:selectedAuthProfile><con:authType>No Authorization</con:authType></con:credentials><con:parameters/></con:request></con:method><con:method name="errorUsingOPTIONS" id="e6f8f160-2a39-448e-ba1a-91276d6db04f" method="OPTIONS"><con:description>
error</con:description><con:settings/><con:parameters/><con:representation type="RESPONSE"><con:mediaType>*/*</con:mediaType><con:status>200</con:status><con:params/><con:sampleContent xsi:nil="true"/></con:representation><con:representation type="RESPONSE"><con:mediaType>*/*</con:mediaType><con:status>204</con:status><con:params/></con:representation><con:representation type="RESPONSE"><con:mediaType>*/*</con:mediaType><con:status>401</con:status><con:params/></con:representation><con:representation type="RESPONSE"><con:mediaType>*/*</con:mediaType><con:status>403</con:status><con:params/></con:representation><con:representation type="REQUEST"><con:mediaType>application/json</con:mediaType><con:params/></con:representation><con:request name="Request 1" id="3ab589f9-de58-46b9-be33-27df812011fe" mediaType="application/json"><con:settings/><con:endpoint>http://delivery-api.cfapps.io</con:endpoint><con:credentials><con:selectedAuthProfile>No Authorization</con:selectedAuthProfile><con:authType>No Authorization</con:authType></con:credentials><con:parameters/></con:request></con:method></con:resource>