<?xml version="1.0" encoding="UTF-8"?>
<con:restMockAction name="/error" method="PATCH" resourcePath="/error" id="3f8bf479-453e-4920-8c04-81443b68c664" xmlns:con="http://eviware.com/soapui/config"><con:settings><con:setting id="3f8bf479-453e-4920-8c04-81443b68c664fileName">%2Ferror4</con:setting></con:settings><con:dispatchStyle>SEQUENCE</con:dispatchStyle><con:dispatchConfig/><con:dispatchXPath/><con:routeScript/><con:response name="Response 1" id="61c6116b-0ea0-4929-9fa8-8d32546f6bc5" httpResponseStatus="200" mediaType="*/*" dataSource=""><con:settings/><con:responseContent/></con:response><con:response name="Response 2" id="0d0ff7da-f934-44d5-9515-1e19f10fa321" httpResponseStatus="204" mediaType="*/*" dataSource=""><con:settings/><con:responseContent/></con:response><con:response name="Response 3" id="f6b53af6-55e0-4608-ba24-f6c6d01af2c8" httpResponseStatus="401" mediaType="*/*" dataSource=""><con:settings/><con:responseContent/></con:response><con:response name="Response 4" id="6895f29e-9a99-4215-ac9a-0bff6e29798f" httpResponseStatus="403" mediaType="*/*" dataSource=""><con:settings/><con:responseContent/></con:response></con:restMockAction>