<?xml version="1.0" encoding="UTF-8"?>
<con:restMockAction name="/error" method="GET" resourcePath="/error" id="b2ebf436-6128-47f1-bb6d-cabfa886aa08" xmlns:con="http://eviware.com/soapui/config"><con:settings><con:setting id="b2ebf436-6128-47f1-bb6d-cabfa886aa08fileName">%2Ferror</con:setting></con:settings><con:dispatchStyle>SEQUENCE</con:dispatchStyle><con:dispatchConfig/><con:dispatchXPath/><con:routeScript/><con:response name="Response 1" id="e61f06c4-4e8a-4c68-a041-6b3539117130" httpResponseStatus="200" mediaType="*/*" dataSource=""><con:settings/><con:responseContent/></con:response><con:response name="Response 2" id="c525f6a9-8179-458d-a114-6db8fd364e36" httpResponseStatus="401" mediaType="*/*" dataSource=""><con:settings/><con:responseContent/></con:response><con:response name="Response 3" id="109898c1-d465-4f3f-9985-76d942ad0798" httpResponseStatus="403" mediaType="*/*" dataSource=""><con:settings/><con:responseContent/></con:response><con:response name="Response 4" id="6da9031f-785c-414d-aece-fbaf8aa00ba5" httpResponseStatus="404" mediaType="*/*" dataSource=""><con:settings/><con:responseContent/></con:response></con:restMockAction>