<?xml version="1.0" encoding="UTF-8"?>
<con:restMockAction name="/error" method="DELETE" resourcePath="/error" id="cbf9fb7f-ca84-47fe-b5fc-ed4f569d941e" xmlns:con="http://eviware.com/soapui/config"><con:settings><con:setting id="cbf9fb7f-ca84-47fe-b5fc-ed4f569d941efileName">%2Ferror3</con:setting></con:settings><con:dispatchStyle>SEQUENCE</con:dispatchStyle><con:dispatchConfig/><con:dispatchXPath/><con:routeScript/><con:response name="Response 1" id="4e18fb09-726b-4d37-ac7e-3a039ad5eb73" httpResponseStatus="200" mediaType="*/*" dataSource=""><con:settings/><con:responseContent/></con:response><con:response name="Response 2" id="20ed23d8-c108-42e7-a1a7-150abe1d9797" httpResponseStatus="204" mediaType="*/*" dataSource=""><con:settings/><con:responseContent/></con:response><con:response name="Response 3" id="71d0e1ca-56b4-48fc-a1ad-5098bd82b570" httpResponseStatus="401" mediaType="*/*" dataSource=""><con:settings/><con:responseContent/></con:response><con:response name="Response 4" id="b4519222-0266-4a29-87df-8b3e3d9f336e" httpResponseStatus="403" mediaType="*/*" dataSource=""><con:settings/><con:responseContent/></con:response></con:restMockAction>