<?xml version="1.0" encoding="UTF-8"?>
<con:restMockAction name="/error" method="POST" resourcePath="/error" id="78b3cad0-5469-4e57-9608-f1dc4afb28e1" xmlns:con="http://eviware.com/soapui/config"><con:settings><con:setting id="78b3cad0-5469-4e57-9608-f1dc4afb28e1fileName">%2Ferror1</con:setting></con:settings><con:dispatchStyle>SEQUENCE</con:dispatchStyle><con:dispatchConfig/><con:dispatchXPath/><con:routeScript/><con:response name="Response 1" id="adcbc61e-76d6-437f-bd25-f1c934602841" httpResponseStatus="200" mediaType="*/*" dataSource=""><con:settings/><con:responseContent/></con:response><con:response name="Response 2" id="16a21e78-8f12-4001-8011-53726a04fad2" httpResponseStatus="201" mediaType="*/*" dataSource=""><con:settings/><con:responseContent/></con:response><con:response name="Response 3" id="7145842c-ce60-46ba-afbd-1a50b17002b3" httpResponseStatus="401" mediaType="*/*" dataSource=""><con:settings/><con:responseContent/></con:response><con:response name="Response 4" id="7675ddda-6a92-4304-912c-ddd72f71253c" httpResponseStatus="403" mediaType="*/*" dataSource=""><con:settings/><con:responseContent/></con:response><con:response name="Response 5" id="1eb10d2c-6116-4664-8fa4-537abdaccd86" httpResponseStatus="404" mediaType="*/*" dataSource=""><con:settings/><con:responseContent/></con:response></con:restMockAction>