<?xml version="1.0" encoding="UTF-8"?>
<con:restMockAction name="/error" method="OPTIONS" resourcePath="/error" id="29975a25-bc3e-4aee-b125-90f56618fbc6" xmlns:con="http://eviware.com/soapui/config"><con:settings><con:setting id="29975a25-bc3e-4aee-b125-90f56618fbc6fileName">%2Ferror5</con:setting></con:settings><con:dispatchStyle>SEQUENCE</con:dispatchStyle><con:dispatchConfig/><con:dispatchXPath/><con:routeScript/><con:response name="Response 1" id="9abdc5c5-1929-43c1-976e-e66bb6dcd106" httpResponseStatus="200" mediaType="*/*" dataSource=""><con:settings/><con:responseContent/></con:response><con:response name="Response 2" id="74b464ea-ea81-4c12-987f-e710b784001a" httpResponseStatus="204" mediaType="*/*" dataSource=""><con:settings/><con:responseContent/></con:response><con:response name="Response 3" id="a83e04c9-a4d3-4f82-879f-58093e55595a" httpResponseStatus="401" mediaType="*/*" dataSource=""><con:settings/><con:responseContent/></con:response><con:response name="Response 4" id="6002dc0f-fc20-4b33-9338-8d2b6fc1a862" httpResponseStatus="403" mediaType="*/*" dataSource=""><con:settings/><con:responseContent/></con:response></con:restMockAction>