<?xml version="1.0" encoding="UTF-8"?>
<con:restMockAction name="/error" method="PUT" resourcePath="/error" id="2097fc0e-1376-4c1b-81d2-f0a93bfc6215" xmlns:con="http://eviware.com/soapui/config"><con:settings><con:setting id="2097fc0e-1376-4c1b-81d2-f0a93bfc6215fileName">%2Ferror2</con:setting></con:settings><con:dispatchStyle>SEQUENCE</con:dispatchStyle><con:dispatchConfig/><con:dispatchXPath/><con:routeScript/><con:response name="Response 1" id="5428fe2d-ed43-4008-8377-745c6108b3e2" httpResponseStatus="200" mediaType="*/*" dataSource=""><con:settings/><con:responseContent/></con:response><con:response name="Response 2" id="24c73d79-669d-410b-9968-d8d5fbc5bbf6" httpResponseStatus="201" mediaType="*/*" dataSource=""><con:settings/><con:responseContent/></con:response><con:response name="Response 3" id="66240a4f-8538-45fc-bc33-54019b7cc375" httpResponseStatus="401" mediaType="*/*" dataSource=""><con:settings/><con:responseContent/></con:response><con:response name="Response 4" id="a9433f41-9b16-40cb-a528-756a8e65e674" httpResponseStatus="403" mediaType="*/*" dataSource=""><con:settings/><con:responseContent/></con:response><con:response name="Response 5" id="66969a3c-eb2c-4911-ab7b-5d35e1ae8c1c" httpResponseStatus="404" mediaType="*/*" dataSource=""><con:settings/><con:responseContent/></con:response></con:restMockAction>