<?xml version="1.0" encoding="UTF-8"?>
<con:restMockAction name="/orderdeletion/{orderId}" method="DELETE" resourcePath="/orderdeletion/{orderId}" id="d5736b43-2918-4d87-90f7-1bffd5b02a3b" xmlns:con="http://eviware.com/soapui/config"><con:settings><con:setting id="d5736b43-2918-4d87-90f7-1bffd5b02a3bfileName">%2Forderdeletion%2F%7BorderId%7D</con:setting></con:settings><con:dispatchStyle>SEQUENCE</con:dispatchStyle><con:dispatchConfig/><con:dispatchXPath/><con:routeScript/><con:response name="Response 1" id="4d9d3119-74d9-4190-832e-8344651abb5a" httpResponseStatus="200" mediaType="*/*" dataSource=""><con:settings/><con:responseContent/></con:response><con:response name="Response 2" id="5dcbd3b4-182e-467b-923c-6405dccb2f6f" httpResponseStatus="204" mediaType="*/*" dataSource=""><con:settings/><con:responseContent/></con:response><con:response name="Response 3" id="7cdee869-6a19-4f38-98b3-385499f5a4a8" httpResponseStatus="401" mediaType="*/*" dataSource=""><con:settings/><con:responseContent/></con:response><con:response name="Response 4" id="abce6518-9762-4430-8a1c-3266e140ebd5" httpResponseStatus="403" mediaType="*/*" dataSource=""><con:settings/><con:responseContent/></con:response></con:restMockAction>