<?xml version="1.0" encoding="UTF-8"?>
<con:restMockAction name="/orderstatus/" method="GET" resourcePath="/orderstatus/" id="af0ce8e3-83ac-45eb-a466-36d5859bdc3e" xmlns:con="http://eviware.com/soapui/config"><con:settings><con:setting id="af0ce8e3-83ac-45eb-a466-36d5859bdc3efileName">%2Forderstatus%2F</con:setting></con:settings><con:dispatchStyle>SEQUENCE</con:dispatchStyle><con:dispatchConfig/><con:dispatchXPath/><con:routeScript/><con:response name="Response 1" id="54075c0a-7569-4c04-b519-214d4c5b3037" httpResponseStatus="200" mediaType="application/json" compressedBodyContent="aced00057372002f636f6d2e657669776172652e736f617075692e696d706c2e737570706f72742e436f6d7072657373656456616c7565000b8b02c748eeab0200025a000a636f6d707265737365645b0004646174617400025b4278700070" dataSource=""><con:settings/><con:responseContent>{
  "data" : { },
  "message" : "string",
  "status" : "string"
}</con:responseContent></con:response><con:response name="Response 2" id="5b94aed0-929e-40d8-9436-3866da87a522" httpResponseStatus="401" mediaType="application/json" dataSource=""><con:settings/><con:responseContent/></con:response><con:response name="Response 3" id="7cb149d6-e35a-4278-bfd9-f4a6699d21df" httpResponseStatus="403" mediaType="application/json" dataSource=""><con:settings/><con:responseContent/></con:response><con:response name="Response 4" id="145b91ce-0976-4ed9-baef-7bcb4473a2eb" httpResponseStatus="404" mediaType="application/json" dataSource=""><con:settings/><con:responseContent/></con:response></con:restMockAction>