<?xml version="1.0" encoding="UTF-8"?>
<con:restMockAction name="/ordercreate" method="POST" resourcePath="/ordercreate" id="26bf8b44-3dac-41ee-bb95-4bed657c5347" xmlns:con="http://eviware.com/soapui/config"><con:settings><con:setting id="26bf8b44-3dac-41ee-bb95-4bed657c5347fileName">%2Fordercreate</con:setting></con:settings><con:dispatchStyle>SEQUENCE</con:dispatchStyle><con:dispatchConfig/><con:dispatchXPath/><con:routeScript/><con:response name="Response 1" id="2e32fe12-253c-4bf1-a1cc-ff9a06d7bd2c" httpResponseStatus="200" mediaType="*/*" dataSource=""><con:settings/><con:responseContent/></con:response><con:response name="Response 2" id="f1983a55-a3f5-4650-bde2-8cb80550cdd4" httpResponseStatus="201" mediaType="*/*" dataSource=""><con:settings/><con:responseContent/></con:response><con:response name="Response 3" id="1815faeb-8f69-4a50-a2c8-69a14e446937" httpResponseStatus="401" mediaType="*/*" dataSource=""><con:settings/><con:responseContent/></con:response><con:response name="Response 4" id="c6c38924-8dce-4fe3-8f29-629a2948c467" httpResponseStatus="403" mediaType="*/*" dataSource=""><con:settings/><con:responseContent/></con:response><con:response name="Response 5" id="6f4b5bed-0120-4a86-a2aa-f57825abf62b" httpResponseStatus="404" mediaType="*/*" dataSource=""><con:settings/><con:responseContent/></con:response></con:restMockAction>