<?xml version="1.0" encoding="UTF-8"?>
<con:resource name="/error" path="/error" id="320f3eb2-091d-42c5-924f-46502c78c30c" xmlns:xsi="http://www.w3.org/2001/XMLSchema-instance" xmlns:con="http://eviware.com/soapui/config"><con:settings><con:setting id="320f3eb2-091d-42c5-924f-46502c78c30cfileName">%2Ferror</con:setting></con:settings><con:parameters/><con:method name="errorUsingGET" id="e775b1d5-4eff-41b3-be76-9176ba279acb" method="GET"><con:description>
error</con:description><con:settings/><con:parameters/><con:representation type="RESPONSE"><con:mediaType>*/*</con:mediaType><con:status>200</con:status><con:params/><con:sampleContent xsi:nil="true"/></con:representation><con:representation type="RESPONSE"><con:mediaType>*/*</con:mediaType><con:status>401</con:status><con:params/></con:representation><con:representation type="RESPONSE"><con:mediaType>*/*</con:mediaType><con:status>403</con:status><con:params/></con:representation><con:representation type="RESPONSE"><con:mediaType>*/*</con:mediaType><con:status>404</con:status><con:params/></con:representation><con:request name="Request 1" id="6ae407a9-b658-4fa5-8021-2cc9274abbd2" mediaType="application/json"><con:settings/><con:endpoint>http://orders-api.cfapps.io</con:endpoint><con:credentials><con:selectedAuthProfile>No Authorization</con:selectedAuthProfile><con:authType>No Authorization</con:authType></con:credentials><con:parameters/></con:request></con:method><con:method name="errorUsingPOST" id="210d5736-7be2-4ad0-8a8a-665b19826954" method="POST"><con:description>
error</con:description><con:settings/><con:parameters/><con:representation type="RESPONSE"><con:mediaType>*/*</con:mediaType><con:status>200</con:status><con:params/><con:sampleContent xsi:nil="true"/></con:representation><con:representation type="RESPONSE"><con:mediaType>*/*</con:mediaType><con:status>201</con:status><con:params/></con:representation><con:representation type="RESPONSE"><con:mediaType>*/*</con:mediaType><con:status>401</con:status><con:params/></con:representation><con:representation type="RESPONSE"><con:mediaType>*/*</con:mediaType><con:status>403</con:status><con:params/></con:representation><con:representation type="RESPONSE"><con:mediaType>*/*</con:mediaType><con:status>404</con:status><con:params/></con:representation><con:representation type="REQUEST"><con:mediaType>application/json</con:mediaType><con:params/></con:representation><con:request name="Request 1" id="d108c49e-addc-4ad2-a72b-c4cba900a197" mediaType="application/json"><con:settings/><con:endpoint>http://orders-api.cfapps.io</con:endpoint><con:credentials><con:selectedAuthProfile>No Authorization</con:selectedAuthProfile><con:authType>No Authorization</con:authType></con:credentials><con:parameters/></con:request></con:method><con:method name="errorUsingPUT" id="15bb0d05-4583-4787-8047-994d420e4afe" method="PUT"><con:description>
error</con:description><con:settings/><con:parameters/><con:representation type="RESPONSE"><con:mediaType>*/*</con:mediaType><con:status>200</con:status><con:params/><con:sampleContent xsi:nil="true"/></con:representation><con:representation type="RESPONSE"><con:mediaType>*/*</con:mediaType><con:status>201</con:status><con:params/></con:representation><con:representation type="RESPONSE"><con:mediaType>*/*</con:mediaType><con:status>401</con:status><con:params/></con:representation><con:representation type="RESPONSE"><con:mediaType>*/*</con:mediaType><con:status>403</con:status><con:params/></con:representation><con:representation type="RESPONSE"><con:mediaType>*/*</con:mediaType><con:status>404</con:status><con:params/></con:representation><con:representation type="REQUEST"><con:mediaType>application/json</con:mediaType><con:params/></con:representation><con:request name="Request 1" id="7930339b-db29-4026-8a20-97f652886940" mediaType="application/json"><con:settings/><con:endpoint>http://orders-api.cfapps.io</con:endpoint><con:credentials><con:selectedAuthProfile>No Authorization</con:selectedAuthProfile><con:authType>No Authorization</con:authType></con:credentials><con:parameters/></con:request></con:method><con:method name="errorUsingDELETE" id="050879fc-169f-40d2-a351-cf415fb4ecb3" method="DELETE"><con:description>
error</con:description><con:settings/><con:parameters/><con:representation type="RESPONSE"><con:mediaType>*/*</con:mediaType><con:status>200</con:status><con:params/><con:sampleContent xsi:nil="true"/></con:representation><con:representation type="RESPONSE"><con:mediaType>*/*</con:mediaType><con:status>204</con:status><con:params/></con:representation><con:representation type="RESPONSE"><con:mediaType>*/*</con:mediaType><con:status>401</con:status><con:params/></con:representation><con:representation type="RESPONSE"><con:mediaType>*/*</con:mediaType><con:status>403</con:status><con:params/></con:representation><con:request name="Request 1" id="ab3b8e80-8395-49e3-84dc-8b2b714cb094" mediaType="application/json"><con:settings/><con:endpoint>http://orders-api.cfapps.io</con:endpoint><con:credentials><con:selectedAuthProfile>No Authorization</con:selectedAuthProfile><con:authType>No Authorization</con:authType></con:credentials><con:parameters/></con:request></con:method><con:method name="errorUsingPATCH" id="84484db4-f52a-4da7-900f-66917f034702" method="PATCH"><con:description>
error</con:description><con:settings/><con:parameters/><con:representation type="RESPONSE"><con:mediaType>*/*</con:mediaType><con:status>200</con:status><con:params/><con:sampleContent xsi:nil="true"/></con:representation><con:representation type="RESPONSE"><con:mediaType>*/*</con:mediaType><con:status>204</con:status><con:params/></con:representation><con:representation type="RESPONSE"><con:mediaType>*/*</con:mediaType><con:status>401</con:status><con:params/></con:representation><con:representation type="RESPONSE"><con:mediaType>*/*</con:mediaType><con:status>403</con:status><con:params/></con:representation><con:representation type="REQUEST"><con:mediaType>application/json</con:mediaType><con:params/></con:representation><con:request name="Request 1" id="aed4a23c-b060-40ed-857d-2bb926234da3" mediaType="application/json"><con:settings/><con:endpoint>http://orders-api.cfapps.io</con:endpoint><con:credentials><con:selectedAuthProfile>No Authorization</con:selectedAuthProfile><con:authType>No Authorization</con:authType></con:credentials><con:parameters/></con:request></con:method><con:method name="errorUsingOPTIONS" id="056d9085-4039-494d-babc-edb78d5fb418" method="OPTIONS"><con:description>
error</con:description><con:settings/><con:parameters/><con:representation type="RESPONSE"><con:mediaType>*/*</con:mediaType><con:status>200</con:status><con:params/><con:sampleContent xsi:nil="true"/></con:representation><con:representation type="RESPONSE"><con:mediaType>*/*</con:mediaType><con:status>204</con:status><con:params/></con:representation><con:representation type="RESPONSE"><con:mediaType>*/*</con:mediaType><con:status>401</con:status><con:params/></con:representation><con:representation type="RESPONSE"><con:mediaType>*/*</con:mediaType><con:status>403</con:status><con:params/></con:representation><con:representation type="REQUEST"><con:mediaType>application/json</con:mediaType><con:params/></con:representation><con:request name="Request 1" id="f98956f9-64fe-4b41-8c02-8f5241168865" mediaType="application/json"><con:settings/><con:endpoint>http://orders-api.cfapps.io</con:endpoint><con:credentials><con:selectedAuthProfile>No Authorization</con:selectedAuthProfile><con:authType>No Authorization</con:authType></con:credentials><con:parameters/></con:request></con:method></con:resource>