<?xml version="1.0" encoding="UTF-8"?>
<con:resource name="/orderdeletion/{orderId}" path="/orderdeletion/{orderId}" id="a2fdd315-c9f3-4a63-b5a7-b29230976c5d" xmlns:xsi="http://www.w3.org/2001/XMLSchema-instance" xmlns:con="http://eviware.com/soapui/config"><con:settings><con:setting id="a2fdd315-c9f3-4a63-b5a7-b29230976c5dfileName">%2Forderdeletion%2F%7BorderId%7D</con:setting></con:settings><con:parameters><con:parameter required="true"><con:name>orderId</con:name><con:style>TEMPLATE</con:style><con:description>orderId</con:description></con:parameter></con:parameters><con:method name="deleteOrderUsingDELETE" id="8b37fbd5-b089-4ffd-b07a-f0d0868bceed" method="DELETE"><con:description>
deleteOrder</con:description><con:settings/><con:parameters/><con:representation type="RESPONSE"><con:mediaType>*/*</con:mediaType><con:status>200</con:status><con:params/><con:sampleContent xsi:nil="true"/></con:representation><con:representation type="RESPONSE"><con:mediaType>*/*</con:mediaType><con:status>204</con:status><con:params/></con:representation><con:representation type="RESPONSE"><con:mediaType>*/*</con:mediaType><con:status>401</con:status><con:params/></con:representation><con:representation type="RESPONSE"><con:mediaType>*/*</con:mediaType><con:status>403</con:status><con:params/></con:representation><con:request name="Request 1" id="17f1683d-6200-48ab-a74f-2175c1644b53" mediaType="application/json"><con:settings/><con:endpoint>http://orders-api.cfapps.io</con:endpoint><con:credentials><con:selectedAuthProfile>No Authorization</con:selectedAuthProfile><con:authType>No Authorization</con:authType></con:credentials><con:parameters/></con:request></con:method></con:resource>