<?xml version="1.0" encoding="UTF-8"?>
<con:resource name="/orderstatus/" path="/orderstatus/" id="2a45f18b-7ced-4274-9a79-4ce1883fb28d" xmlns:xsi="http://www.w3.org/2001/XMLSchema-instance" xmlns:con="http://eviware.com/soapui/config"><con:settings><con:setting id="2a45f18b-7ced-4274-9a79-4ce1883fb28dfileName">%2Forderstatus%2F</con:setting></con:settings><con:parameters/><con:method name="getItemAvailabilityUsingGET" id="84cc75d4-e259-4111-b795-13c53f7b4b0c" method="GET"><con:description>
getItemAvailability</con:description><con:settings/><con:parameters/><con:representation type="RESPONSE"><con:mediaType>application/json</con:mediaType><con:status>200</con:status><con:params/><con:sampleContent>{
  "data" : { },
  "message" : "string",
  "status" : "string"
}</con:sampleContent></con:representation><con:representation type="RESPONSE"><con:mediaType>application/json</con:mediaType><con:status>401</con:status><con:params/></con:representation><con:representation type="RESPONSE"><con:mediaType>application/json</con:mediaType><con:status>403</con:status><con:params/></con:representation><con:representation type="RESPONSE"><con:mediaType>application/json</con:mediaType><con:status>404</con:status><con:params/></con:representation><con:request name="Request 1" id="809946bd-6baa-4115-bca1-00e452e4c9b1" mediaType="application/json"><con:settings/><con:endpoint>http://orders-api.cfapps.io</con:endpoint><con:credentials><con:selectedAuthProfile>No Authorization</con:selectedAuthProfile><con:authType>No Authorization</con:authType></con:credentials><con:parameters/></con:request></con:method></con:resource>