<?xml version="1.0" encoding="UTF-8"?>
<con:testCase id="06e1e60f-c67e-4d86-a0b9-780af7c59744" discardOkResults="false" failOnError="true" failTestCaseOnErrors="true" keepSession="false" name="GetAllProducts_TC" searchProperties="true" timeout="0" xmlns:con="http://eviware.com/soapui/config"><con:description>The test case generated for the REST resource [/getallproducts] located at [/getallproducts]</con:description><con:settings><con:setting id="06e1e60f-c67e-4d86-a0b9-780af7c59744fileName">GetAllProducts_TC</con:setting></con:settings><con:savedRecentRuns>1</con:savedRecentRuns><con:testStep type="restrequest" name="GetAllProducts_P" id="48fe60b0-2e23-46de-88ed-21e3cb7d602f"><con:settings/><con:config service="Items_Definition" resourcePath="/getallproducts" methodName="getAllProductUsingGET" xsi:type="con:RestRequestStep" xmlns:xsi="http://www.w3.org/2001/XMLSchema-instance"><con:restRequest name="GetAllProducts_P" id="6068c6cc-f065-4aab-889b-23fe628ee2a3" mediaType="application/json"><con:settings><con:setting id="com.eviware.soapui.impl.wsdl.WsdlRequest@request-headers">&lt;xml-fragment/></con:setting></con:settings><con:endpoint>http://items-api.cfapps.io</con:endpoint><con:request/><con:originalUri>http://items-api.cfapps.io/getallproducts</con:originalUri><con:assertion type="Simple Contains" id="163170c7-4c46-4f45-b46f-81fe00d6ab66" name="Contains"><con:configuration><token>SUCCESS</token><ignoreCase>false</ignoreCase><useRegEx>false</useRegEx></con:configuration></con:assertion><con:credentials><con:selectedAuthProfile>Inherit From Parent</con:selectedAuthProfile><con:authType>No Authorization</con:authType></con:credentials><con:jmsConfig JMSDeliveryMode="PERSISTENT"/><con:parameters/></con:restRequest></con:config></con:testStep><con:properties/><con:reportParameters/></con:testCase>