<?xml version="1.0" encoding="UTF-8"?>
<con:testCase id="8fd2e22b-dbf7-4ab6-bd3b-1591662f8a69" discardOkResults="false" failOnError="true" failTestCaseOnErrors="true" keepSession="false" name="ItemAvailability_TC" searchProperties="true" timeout="0" xmlns:con="http://eviware.com/soapui/config"><con:description>The test case generated for the REST resource [/itemavailability/{itemId}/{zipCode}/{quantity}] located at [/itemavailability/{itemId}/{zipCode}/{quantity}]</con:description><con:settings><con:setting id="8fd2e22b-dbf7-4ab6-bd3b-1591662f8a69fileName">ItemAvailability_TC</con:setting></con:settings><con:savedRecentRuns>1</con:savedRecentRuns><con:testStep type="datasource" name="DataSource1" id="07564b4f-1bc0-4c68-9332-c375d2fabeb2"><con:settings/><con:config xsi:type="con:DataSourceStep" xmlns:xsi="http://www.w3.org/2001/XMLSchema-instance"><con:dataSource type="Excel"><con:configuration><file>C:/FedEx/SOAPUI_file/TDFile.xlsx</file><worksheet>Sheet1</worksheet><cell>A1</cell><ignoreEmpty>true</ignoreEmpty><evaluateFormulas>false</evaluateFormulas></con:configuration></con:dataSource><con:shared>true</con:shared><con:restartShared>true</con:restartShared><con:property>itemId</con:property><con:property>quantity</con:property><con:property>zipCode</con:property><con:restartOnRun>true</con:restartOnRun></con:config></con:testStep><con:testStep type="restrequest" name="ItemAvailability_P1" id="bcf05fb9-aef5-40f4-9b9e-19a97c107851"><con:settings/><con:config service="Items_Definition" resourcePath="/itemavailability/{itemId}/{zipCode}/{quantity}" methodName="getItemAvailabilityUsingGET" xsi:type="con:RestRequestStep" xmlns:xsi="http://www.w3.org/2001/XMLSchema-instance"><con:restRequest name="ItemAvailability_P1" id="369dc9cb-1575-4681-a40f-2f47cd1659f9" mediaType="application/json"><con:settings><con:setting id="com.eviware.soapui.impl.wsdl.WsdlRequest@request-headers">&lt;xml-fragment/></con:setting></con:settings><con:endpoint>http://items-api.cfapps.io</con:endpoint><con:request/><con:originalUri>http://items-api.cfapps.io/itemavailability/2/16243/10</con:originalUri><con:assertion type="Simple Contains" id="1b7605b1-a864-4324-a461-99c2c48714b0" name="Contains"><con:configuration><token>SUCCESS</token><ignoreCase>false</ignoreCase><useRegEx>false</useRegEx></con:configuration></con:assertion><con:credentials><con:selectedAuthProfile>Inherit From Parent</con:selectedAuthProfile><con:authType>No Authorization</con:authType></con:credentials><con:jmsConfig JMSDeliveryMode="PERSISTENT"/><con:parameters>
  <con:entry key="itemId" value="${DataSource1#itemId}"/>
  <con:entry key="zipCode" value="${DataSource1#zipCode}"/>
  <con:entry key="quantity" value="${DataSource1#quantity}"/>
</con:parameters></con:restRequest></con:config></con:testStep><con:testStep type="datasourceloop" name="DataSource Loop" id="217e2cda-07ca-4671-b026-fa5fb7e1977b"><con:settings/><con:config><dataSourceStep>DataSource1</dataSourceStep><targetStep>ItemAvailability_P1</targetStep><discardResults>true</discardResults></con:config></con:testStep><con:properties/><con:reportParameters/></con:testCase>