<?xml version="1.0" encoding="UTF-8"?>
<con:resource name="/error" path="/error" id="ecb15983-397a-4e35-bf13-97176f904d0b" xmlns:xsi="http://www.w3.org/2001/XMLSchema-instance" xmlns:con="http://eviware.com/soapui/config"><con:settings><con:setting id="ecb15983-397a-4e35-bf13-97176f904d0bfileName">%2Ferror</con:setting></con:settings><con:parameters/><con:method name="errorUsingGET" id="1108a7a3-7f11-488c-9922-371c744c3838" method="GET"><con:description>
error</con:description><con:settings/><con:parameters/><con:representation type="RESPONSE"><con:mediaType>*/*</con:mediaType><con:status>200</con:status><con:params/><con:sampleContent xsi:nil="true"/></con:representation><con:representation type="RESPONSE"><con:mediaType>*/*</con:mediaType><con:status>401</con:status><con:params/></con:representation><con:representation type="RESPONSE"><con:mediaType>*/*</con:mediaType><con:status>403</con:status><con:params/></con:representation><con:representation type="RESPONSE"><con:mediaType>*/*</con:mediaType><con:status>404</con:status><con:params/></con:representation><con:request name="Request 1" id="aa7754f7-0395-4f74-ac22-719168e66b27" mediaType="application/json"><con:settings/><con:endpoint>http://items-api.cfapps.io</con:endpoint><con:credentials><con:selectedAuthProfile>No Authorization</con:selectedAuthProfile><con:authType>No Authorization</con:authType></con:credentials><con:parameters/></con:request></con:method><con:method name="errorUsingPOST" id="229e5436-2394-4914-ae0f-1a5e6515c8d9" method="POST"><con:description>
error</con:description><con:settings/><con:parameters/><con:representation type="RESPONSE"><con:mediaType>*/*</con:mediaType><con:status>200</con:status><con:params/><con:sampleContent xsi:nil="true"/></con:representation><con:representation type="RESPONSE"><con:mediaType>*/*</con:mediaType><con:status>201</con:status><con:params/></con:representation><con:representation type="RESPONSE"><con:mediaType>*/*</con:mediaType><con:status>401</con:status><con:params/></con:representation><con:representation type="RESPONSE"><con:mediaType>*/*</con:mediaType><con:status>403</con:status><con:params/></con:representation><con:representation type="RESPONSE"><con:mediaType>*/*</con:mediaType><con:status>404</con:status><con:params/></con:representation><con:representation type="REQUEST"><con:mediaType>application/json</con:mediaType><con:params/></con:representation><con:request name="Request 1" id="17efe73f-2e87-4908-a40d-b7cbade6b8ba" mediaType="application/json"><con:settings/><con:endpoint>http://items-api.cfapps.io</con:endpoint><con:credentials><con:selectedAuthProfile>No Authorization</con:selectedAuthProfile><con:authType>No Authorization</con:authType></con:credentials><con:parameters/></con:request></con:method><con:method name="errorUsingPUT" id="6d9e8d86-7dad-48c2-8850-70c1d4b7bd67" method="PUT"><con:description>
error</con:description><con:settings/><con:parameters/><con:representation type="RESPONSE"><con:mediaType>*/*</con:mediaType><con:status>200</con:status><con:params/><con:sampleContent xsi:nil="true"/></con:representation><con:representation type="RESPONSE"><con:mediaType>*/*</con:mediaType><con:status>201</con:status><con:params/></con:representation><con:representation type="RESPONSE"><con:mediaType>*/*</con:mediaType><con:status>401</con:status><con:params/></con:representation><con:representation type="RESPONSE"><con:mediaType>*/*</con:mediaType><con:status>403</con:status><con:params/></con:representation><con:representation type="RESPONSE"><con:mediaType>*/*</con:mediaType><con:status>404</con:status><con:params/></con:representation><con:representation type="REQUEST"><con:mediaType>application/json</con:mediaType><con:params/></con:representation><con:request name="Request 1" id="861f0d10-36c6-4abf-ab39-1ab2854cc109" mediaType="application/json"><con:settings/><con:endpoint>http://items-api.cfapps.io</con:endpoint><con:credentials><con:selectedAuthProfile>No Authorization</con:selectedAuthProfile><con:authType>No Authorization</con:authType></con:credentials><con:parameters/></con:request></con:method><con:method name="errorUsingDELETE" id="96d830aa-2a6f-4bcf-8e4e-ae11fca9974a" method="DELETE"><con:description>
error</con:description><con:settings/><con:parameters/><con:representation type="RESPONSE"><con:mediaType>*/*</con:mediaType><con:status>200</con:status><con:params/><con:sampleContent xsi:nil="true"/></con:representation><con:representation type="RESPONSE"><con:mediaType>*/*</con:mediaType><con:status>204</con:status><con:params/></con:representation><con:representation type="RESPONSE"><con:mediaType>*/*</con:mediaType><con:status>401</con:status><con:params/></con:representation><con:representation type="RESPONSE"><con:mediaType>*/*</con:mediaType><con:status>403</con:status><con:params/></con:representation><con:request name="Request 1" id="d366e5a2-bccc-48a9-8210-3a5c16fc08ec" mediaType="application/json"><con:settings/><con:endpoint>http://items-api.cfapps.io</con:endpoint><con:credentials><con:selectedAuthProfile>No Authorization</con:selectedAuthProfile><con:authType>No Authorization</con:authType></con:credentials><con:parameters/></con:request></con:method><con:method name="errorUsingPATCH" id="d5472c24-9827-44c5-9853-aa4962835e35" method="PATCH"><con:description>
error</con:description><con:settings/><con:parameters/><con:representation type="RESPONSE"><con:mediaType>*/*</con:mediaType><con:status>200</con:status><con:params/><con:sampleContent xsi:nil="true"/></con:representation><con:representation type="RESPONSE"><con:mediaType>*/*</con:mediaType><con:status>204</con:status><con:params/></con:representation><con:representation type="RESPONSE"><con:mediaType>*/*</con:mediaType><con:status>401</con:status><con:params/></con:representation><con:representation type="RESPONSE"><con:mediaType>*/*</con:mediaType><con:status>403</con:status><con:params/></con:representation><con:representation type="REQUEST"><con:mediaType>application/json</con:mediaType><con:params/></con:representation><con:request name="Request 1" id="9de364ae-63e0-4275-b87a-6a8c1fd46883" mediaType="application/json"><con:settings/><con:endpoint>http://items-api.cfapps.io</con:endpoint><con:credentials><con:selectedAuthProfile>No Authorization</con:selectedAuthProfile><con:authType>No Authorization</con:authType></con:credentials><con:parameters/></con:request></con:method><con:method name="errorUsingOPTIONS" id="89616a26-dd32-4e3c-90cb-d892fadf5e98" method="OPTIONS"><con:description>
error</con:description><con:settings/><con:parameters/><con:representation type="RESPONSE"><con:mediaType>*/*</con:mediaType><con:status>200</con:status><con:params/><con:sampleContent xsi:nil="true"/></con:representation><con:representation type="RESPONSE"><con:mediaType>*/*</con:mediaType><con:status>204</con:status><con:params/></con:representation><con:representation type="RESPONSE"><con:mediaType>*/*</con:mediaType><con:status>401</con:status><con:params/></con:representation><con:representation type="RESPONSE"><con:mediaType>*/*</con:mediaType><con:status>403</con:status><con:params/></con:representation><con:representation type="REQUEST"><con:mediaType>application/json</con:mediaType><con:params/></con:representation><con:request name="Request 1" id="bfe88ef3-ae20-4626-8543-1c1d75a2f76e" mediaType="application/json"><con:settings/><con:endpoint>http://items-api.cfapps.io</con:endpoint><con:credentials><con:selectedAuthProfile>No Authorization</con:selectedAuthProfile><con:authType>No Authorization</con:authType></con:credentials><con:parameters/></con:request></con:method></con:resource>