<?xml version="1.0" encoding="UTF-8"?>
<con:resource name="/getallproducts" path="/getallproducts" id="cf10ee84-a402-440d-88c7-72e9b9ef03f2" xmlns:xsi="http://www.w3.org/2001/XMLSchema-instance" xmlns:con="http://eviware.com/soapui/config"><con:settings><con:setting id="cf10ee84-a402-440d-88c7-72e9b9ef03f2fileName">%2Fgetallproducts</con:setting></con:settings><con:parameters/><con:method name="getAllProductUsingGET" id="7005927c-3ae9-492d-a7fd-7d520ee83689" method="GET"><con:description>
getAllProduct</con:description><con:settings/><con:parameters/><con:representation type="RESPONSE"><con:mediaType>application/json</con:mediaType><con:status>200</con:status><con:params/><con:sampleContent>{
  "data" : { },
  "message" : "string",
  "status" : "string"
}</con:sampleContent></con:representation><con:representation type="RESPONSE"><con:mediaType>application/json</con:mediaType><con:status>401</con:status><con:params/></con:representation><con:representation type="RESPONSE"><con:mediaType>application/json</con:mediaType><con:status>403</con:status><con:params/></con:representation><con:representation type="RESPONSE"><con:mediaType>application/json</con:mediaType><con:status>404</con:status><con:params/></con:representation><con:request name="Request 1" id="6068c6cc-f065-4aab-889b-23fe628ee2a3" mediaType="application/json"><con:settings/><con:endpoint>http://items-api.cfapps.io</con:endpoint><con:credentials><con:selectedAuthProfile>No Authorization</con:selectedAuthProfile><con:authType>No Authorization</con:authType></con:credentials><con:parameters/></con:request></con:method></con:resource>