<?xml version="1.0" encoding="UTF-8"?>
<con:resource name="/itemavailability/{itemId}/{zipCode}/{quantity}" path="/itemavailability/{itemId}/{zipCode}/{quantity}" id="8439625a-a611-4e00-8b94-a8b78892a90c" xmlns:xsi="http://www.w3.org/2001/XMLSchema-instance" xmlns:con="http://eviware.com/soapui/config"><con:settings><con:setting id="8439625a-a611-4e00-8b94-a8b78892a90cfileName">%2Fitemavailability%2F%7BitemId%7D%2F%7BzipCode%7D%2F%7Bquantity%7D</con:setting></con:settings><con:parameters><con:parameter required="true"><con:name>itemId</con:name><con:style>TEMPLATE</con:style><con:description>itemId</con:description></con:parameter><con:parameter required="true"><con:name>quantity</con:name><con:style>TEMPLATE</con:style><con:dataType>integer</con:dataType><con:description>quantity</con:description></con:parameter><con:parameter required="true"><con:name>zipCode</con:name><con:style>TEMPLATE</con:style><con:description>zipCode</con:description></con:parameter></con:parameters><con:method name="getItemAvailabilityUsingGET" id="53c417c0-86ea-48dd-849c-bd417f923206" method="GET"><con:description>
getItemAvailability</con:description><con:settings/><con:parameters/><con:representation type="RESPONSE"><con:mediaType>application/json</con:mediaType><con:status>200</con:status><con:params/><con:sampleContent>{
  "data" : { },
  "message" : "string",
  "status" : "string"
}</con:sampleContent></con:representation><con:representation type="RESPONSE"><con:mediaType>application/json</con:mediaType><con:status>401</con:status><con:params/></con:representation><con:representation type="RESPONSE"><con:mediaType>application/json</con:mediaType><con:status>403</con:status><con:params/></con:representation><con:representation type="RESPONSE"><con:mediaType>application/json</con:mediaType><con:status>404</con:status><con:params/></con:representation><con:request name="Request 1" id="369dc9cb-1575-4681-a40f-2f47cd1659f9" mediaType="application/json"><con:settings/><con:endpoint>http://items-api.cfapps.io</con:endpoint><con:credentials><con:selectedAuthProfile>No Authorization</con:selectedAuthProfile><con:authType>No Authorization</con:authType></con:credentials><con:parameters/></con:request></con:method></con:resource>